Type,Name,Request Count,Failure Count,Median Response Time,Average Response Time,Min Response Time,Max Response Time,Average Content Size,Requests/s,Failures/s,50%,66%,75%,80%,90%,95%,98%,99%,99.9%,99.99%,100%
GET,/api/admin/orders,478,0,8,8.57119497886438,5.61819999711588,50.99139999947511,1672.0,4.01994812706424,0.0,8,8,9,9,10,12,18,33,51,51,51
GET,/api/admin/product-management,497,0,7,8.019816097021065,4.942899977322668,181.234299991047,174.0,4.179736860148384,0.0,7,7,8,8,9,12,25,34,180,180,180
GET,/api/admin/sales/monthly?year=2025,507,0,6,6.337299408137163,4.330600000685081,26.499200001126155,126.0,4.263836193350564,0.0,6,6,7,7,8,9,12,18,26,26,26
GET,/api/admin/staticsPerYear?year=2025,463,0,12,13.861178617799236,9.111600025789812,213.2024000165984,397.0,3.8937991272609693,0.0,12,13,14,15,18,21,26,40,210,210,210
GET,/api/admin/users,461,0,9,10.558759435807271,6.798200018238276,178.34680000669323,1613.9110629067245,3.876979260620533,0.0,9,10,10,11,13,14,32,42,180,180,180
GET,/api/admin/verification/pending,476,0,6,7.588437606385877,4.770600004121661,205.08630000404082,886.0,4.0031282604238045,0.0,6,7,8,8,9,10,13,25,210,210,210
POST,/api/auth/login,50,0,350.0,357.7812519989675,317.44509999407455,406.6762999864295,240.0,0.42049666601090385,0.0,350,370,370,380,400,400,410,410,410,410,410
,Aggregated,2932,0,8,15.034912449037666,4.330600000685081,406.6762999864295,788.2455661664393,24.6579244948794,0.0,8,9,10,11,13,19,51,350,400,410,410
