Type,Name,Request Count,Failure Count,Median Response Time,Average Response Time,Min Response Time,Max Response Time,Average Content Size,Requests/s,Failures/s,50%,66%,75%,80%,90%,95%,98%,99%,99.9%,99.99%,100%
GET,/api/rating/productReview/1,2891,0,4,4.4116478729790956,2.4474000092595816,45.1992999878712,186.0,24.316219626335172,0.0,4,4,4,5,5,6,12,19,35,45,45
,Aggregated,2891,0,4,4.4116478729790956,2.4474000092595816,45.1992999878712,186.0,24.316219626335172,0.0,4,4,4,5,5,6,12,19,35,45,45
