Type,Name,Request Count,Failure Count,Median Response Time,Average Response Time,Min Response Time,Max Response Time,Average Content Size,Requests/s,Failures/s,50%,66%,75%,80%,90%,95%,98%,99%,99.9%,99.99%,100%
POST,/api/auth/login,50,0,360.0,361.2733860005392,328.98949997616,420.71139998734,227.0,0.4204703080067028,0.0,360,360,370,390,400,410,420,420,420,420,420
GET,/api/myShoppingCart,1401,0,6,5.34456581054129,1.1349999986123294,74.05359999393113,109.58957887223411,11.781578030347813,0.0,6,7,8,8,9,10,12,16,38,74,74
POST,/api/myShoppingCart/addProducts,746,0,10,11.212604021787426,7.086099998559803,125.94729999545962,177.84450402144773,6.273416995460006,0.0,10,10,11,11,13,18,25,37,130,130,130
POST,/api/myShoppingCart/addProductsNonAuthenticate,772,0,4,5.171089637237408,2.414000016869977,277.18360000289977,146.0,6.492061555623491,0.0,4,4,4,4,5,6,8,16,280,280,280
,Aggregated,2969,0,7,12.767965577903674,1.1349999986123294,420.71139998734,138.18423711687436,24.967526889438012,0.0,7,8,9,10,11,13,66,350,410,420,420
