Type,Name,Request Count,Failure Count,Median Response Time,Average Response Time,Min Response Time,Max Response Time,Average Content Size,Requests/s,Failures/s,50%,66%,75%,80%,90%,95%,98%,99%,99.9%,99.99%,100%
GET,/api/returns/3/label?email=duki@email.com,2931,0,3,3.345455032998838,1.864899997599423,36.7854000069201,86.0,24.671092932060773,0.0,3,3,3,4,4,5,7,14,29,37,37
,Aggregated,2931,0,3,3.345455032998838,1.864899997599423,36.7854000069201,86.0,24.671092932060773,0.0,3,3,3,4,4,5,7,14,29,37,37
