Type,Name,Request Count,Failure Count,Median Response Time,Average Response Time,Min Response Time,Max Response Time,Average Content Size,Requests/s,Failures/s,50%,66%,75%,80%,90%,95%,98%,99%,99.9%,99.99%,100%
GET,GET /api/users/profile,977,0,5,6.103951381729151,3.4478000015951693,274.34529998572543,329.0,8.221043477473046,0.0,5,5,5,5,6,7,8,14,270,270,270
POST,POST /api/auth/login,50,0,330.0,334.3296359991655,304.9732999934349,414.2649999994319,227.0,0.4207289394817322,0.0,330,340,340,340,350,350,410,410,410,410,410
POST,POST /register,995,0,68,68.61582351778283,65.11650001630187,238.8378999894485,480.08140703517586,8.372505895686471,0.0,68,68,69,70,71,74,78,82,240,240,240
PUT,PUT /profile/edit,946,0,7,7.4742346720589845,5.4425999987870455,208.01999999093823,67.0,7.960191534994372,0.0,7,7,7,8,8,9,11,14,210,210,210
,Aggregated,2968,0,7,33.02675630049507,3.4478000015951693,414.2649999994319,294.4225067385445,24.97446984763562,0.0,7,66,67,67,69,71,92,330,350,410,410
